run_name,num_loc,algorithm,train_seed,epoch,val_cost,val_reward
tsp50_pomo_n16_seed0,50,pomo,0,0,7.040772438049316,-7.040772438049316
tsp50_pomo_n16_seed0,50,pomo,0,1,6.90659236907959,-6.90659236907959
tsp50_pomo_n16_seed0,50,pomo,0,2,6.805518627166748,-6.805518627166748
tsp50_pomo_n16_seed0,50,pomo,0,3,6.744363307952881,-6.744363307952881
tsp50_pomo_n16_seed0,50,pomo,0,4,6.696867942810059,-6.696867942810059
tsp50_pomo_n16_seed0,50,pomo,0,5,6.655154228210449,-6.655154228210449
tsp50_pomo_n16_seed0,50,pomo,0,6,6.589409351348877,-6.589409351348877
tsp50_pomo_n16_seed0,50,pomo,0,7,6.557679653167725,-6.557679653167725
tsp50_pomo_n16_seed0,50,pomo,0,8,6.5179314613342285,-6.5179314613342285
tsp50_pomo_n16_seed0,50,pomo,0,9,6.485466957092285,-6.485466957092285
tsp50_leader_alpha0p5_n16_seed0,50,leader_reward,0,0,6.987297058105469,-6.987297058105469
tsp50_leader_alpha0p5_n16_seed0,50,leader_reward,0,1,6.878280162811279,-6.878280162811279
tsp50_leader_alpha0p5_n16_seed0,50,leader_reward,0,2,6.779102802276611,-6.779102802276611
tsp50_leader_alpha0p5_n16_seed0,50,leader_reward,0,3,6.721955299377441,-6.721955299377441
tsp50_leader_alpha0p5_n16_seed0,50,leader_reward,0,4,6.679287433624268,-6.679287433624268
tsp50_leader_alpha0p5_n16_seed0,50,leader_reward,0,5,6.624862194061279,-6.624862194061279
tsp50_leader_alpha0p5_n16_seed0,50,leader_reward,0,6,6.566068649291992,-6.566068649291992
tsp50_leader_alpha0p5_n16_seed0,50,leader_reward,0,7,6.5416340827941895,-6.5416340827941895
tsp50_leader_alpha0p5_n16_seed0,50,leader_reward,0,8,6.495995998382568,-6.495995998382568
tsp50_leader_alpha0p5_n16_seed0,50,leader_reward,0,9,6.468815326690674,-6.468815326690674
tsp50_maxk_k8_subloo_n16_seed0,50,maxk_pomo,0,0,8.094778060913086,-8.094778060913086
tsp50_maxk_k8_subloo_n16_seed0,50,maxk_pomo,0,1,7.7943806648254395,-7.7943806648254395
tsp50_maxk_k8_subloo_n16_seed0,50,maxk_pomo,0,2,7.8091888427734375,-7.8091888427734375
tsp50_maxk_k8_subloo_n16_seed0,50,maxk_pomo,0,3,7.653770446777344,-7.653770446777344
tsp50_maxk_k8_subloo_n16_seed0,50,maxk_pomo,0,4,7.908524036407471,-7.908524036407471
tsp50_maxk_k8_subloo_n16_seed0,50,maxk_pomo,0,5,7.6800737380981445,-7.6800737380981445
tsp50_maxk_k8_subloo_n16_seed0,50,maxk_pomo,0,6,7.951887130737305,-7.951887130737305
tsp50_maxk_k8_subloo_n16_seed0,50,maxk_pomo,0,7,7.958979606628418,-7.958979606628418
tsp50_maxk_k8_subloo_n16_seed0,50,maxk_pomo,0,8,7.7171173095703125,-7.7171173095703125
tsp50_maxk_k8_subloo_n16_seed0,50,maxk_pomo,0,9,7.67214298248291,-7.67214298248291
tsp50_pomo_n16_seed1,50,pomo,1,0,6.888040065765381,-6.888040065765381
tsp50_pomo_n16_seed1,50,pomo,1,1,6.791522026062012,-6.791522026062012
tsp50_pomo_n16_seed1,50,pomo,1,2,6.683889865875244,-6.683889865875244
tsp50_pomo_n16_seed1,50,pomo,1,3,6.61337423324585,-6.61337423324585
tsp50_pomo_n16_seed1,50,pomo,1,4,6.55816650390625,-6.55816650390625
tsp50_pomo_n16_seed1,50,pomo,1,5,6.533686637878418,-6.533686637878418
tsp50_pomo_n16_seed1,50,pomo,1,6,6.480133533477783,-6.480133533477783
tsp50_pomo_n16_seed1,50,pomo,1,7,6.438232421875,-6.438232421875
tsp50_pomo_n16_seed1,50,pomo,1,8,6.418701171875,-6.418701171875
tsp50_pomo_n16_seed1,50,pomo,1,9,6.371649265289307,-6.371649265289307
tsp50_leader_alpha0p5_n16_seed1,50,leader_reward,1,0,7.045357704162598,-7.045357704162598
tsp50_leader_alpha0p5_n16_seed1,50,leader_reward,1,1,6.855614185333252,-6.855614185333252
tsp50_leader_alpha0p5_n16_seed1,50,leader_reward,1,2,6.781228542327881,-6.781228542327881
tsp50_leader_alpha0p5_n16_seed1,50,leader_reward,1,3,6.6909661293029785,-6.6909661293029785
tsp50_leader_alpha0p5_n16_seed1,50,leader_reward,1,4,6.618692874908447,-6.618692874908447
tsp50_leader_alpha0p5_n16_seed1,50,leader_reward,1,5,6.568763256072998,-6.568763256072998
tsp50_leader_alpha0p5_n16_seed1,50,leader_reward,1,6,6.532587051391602,-6.532587051391602
tsp50_leader_alpha0p5_n16_seed1,50,leader_reward,1,7,6.517783164978027,-6.517783164978027
tsp50_leader_alpha0p5_n16_seed1,50,leader_reward,1,8,6.47902250289917,-6.47902250289917
tsp50_leader_alpha0p5_n16_seed1,50,leader_reward,1,9,6.454204082489014,-6.454204082489014
tsp50_maxk_k8_subloo_n16_seed1,50,maxk_pomo,1,0,7.740910530090332,-7.740910530090332
tsp50_maxk_k8_subloo_n16_seed1,50,maxk_pomo,1,1,7.6800007820129395,-7.6800007820129395
tsp50_maxk_k8_subloo_n16_seed1,50,maxk_pomo,1,2,8.119062423706055,-8.119062423706055
tsp50_maxk_k8_subloo_n16_seed1,50,maxk_pomo,1,3,7.960791110992432,-7.960791110992432
tsp50_maxk_k8_subloo_n16_seed1,50,maxk_pomo,1,4,7.941429138183594,-7.941429138183594
tsp50_maxk_k8_subloo_n16_seed1,50,maxk_pomo,1,5,8.083609580993652,-8.083609580993652
tsp50_maxk_k8_subloo_n16_seed1,50,maxk_pomo,1,6,8.053865432739258,-8.053865432739258
tsp50_maxk_k8_subloo_n16_seed1,50,maxk_pomo,1,7,8.115681648254395,-8.115681648254395
tsp50_maxk_k8_subloo_n16_seed1,50,maxk_pomo,1,8,8.057511329650879,-8.057511329650879
tsp50_maxk_k8_subloo_n16_seed1,50,maxk_pomo,1,9,8.00681209564209,-8.00681209564209
tsp50_pomo_n16_seed2,50,pomo,2,0,6.901611328125,-6.901611328125
tsp50_pomo_n16_seed2,50,pomo,2,1,6.747758388519287,-6.747758388519287
tsp50_pomo_n16_seed2,50,pomo,2,2,6.659682750701904,-6.659682750701904
tsp50_pomo_n16_seed2,50,pomo,2,3,6.6248860359191895,-6.6248860359191895
tsp50_pomo_n16_seed2,50,pomo,2,4,6.55058479309082,-6.55058479309082
tsp50_pomo_n16_seed2,50,pomo,2,5,6.508906841278076,-6.508906841278076
tsp50_pomo_n16_seed2,50,pomo,2,6,6.479086875915527,-6.479086875915527
tsp50_pomo_n16_seed2,50,pomo,2,7,6.425948143005371,-6.425948143005371
tsp50_pomo_n16_seed2,50,pomo,2,8,6.389304161071777,-6.389304161071777
tsp50_pomo_n16_seed2,50,pomo,2,9,6.361174583435059,-6.361174583435059
tsp50_leader_alpha0p5_n16_seed2,50,leader_reward,2,0,7.065250396728516,-7.065250396728516
tsp50_leader_alpha0p5_n16_seed2,50,leader_reward,2,1,6.901919841766357,-6.901919841766357
tsp50_leader_alpha0p5_n16_seed2,50,leader_reward,2,2,6.812512397766113,-6.812512397766113
tsp50_leader_alpha0p5_n16_seed2,50,leader_reward,2,3,6.756358623504639,-6.756358623504639
tsp50_leader_alpha0p5_n16_seed2,50,leader_reward,2,4,6.70643424987793,-6.70643424987793
tsp50_leader_alpha0p5_n16_seed2,50,leader_reward,2,5,6.674668788909912,-6.674668788909912
tsp50_leader_alpha0p5_n16_seed2,50,leader_reward,2,6,6.6322174072265625,-6.6322174072265625
tsp50_leader_alpha0p5_n16_seed2,50,leader_reward,2,7,6.587989807128906,-6.587989807128906
tsp50_leader_alpha0p5_n16_seed2,50,leader_reward,2,8,6.565722942352295,-6.565722942352295
tsp50_leader_alpha0p5_n16_seed2,50,leader_reward,2,9,6.5434699058532715,-6.5434699058532715
tsp50_maxk_k8_subloo_n16_seed2,50,maxk_pomo,2,0,7.609681129455566,-7.609681129455566
tsp50_maxk_k8_subloo_n16_seed2,50,maxk_pomo,2,1,7.62442684173584,-7.62442684173584
tsp50_maxk_k8_subloo_n16_seed2,50,maxk_pomo,2,2,7.545543193817139,-7.545543193817139
tsp50_maxk_k8_subloo_n16_seed2,50,maxk_pomo,2,3,7.629537582397461,-7.629537582397461
tsp50_maxk_k8_subloo_n16_seed2,50,maxk_pomo,2,4,7.649620056152344,-7.649620056152344
tsp50_maxk_k8_subloo_n16_seed2,50,maxk_pomo,2,5,7.8054022789001465,-7.8054022789001465
tsp50_maxk_k8_subloo_n16_seed2,50,maxk_pomo,2,6,7.64132833480835,-7.64132833480835
tsp50_maxk_k8_subloo_n16_seed2,50,maxk_pomo,2,7,7.546877861022949,-7.546877861022949
tsp50_maxk_k8_subloo_n16_seed2,50,maxk_pomo,2,8,7.734598636627197,-7.734598636627197
tsp50_maxk_k8_subloo_n16_seed2,50,maxk_pomo,2,9,7.673381328582764,-7.673381328582764
